acc_ref,beat_no,severity,no_vehicle,no_casualt,a_date,a_day,a_date_day,a_date_mon,a_date_yr,a_time_hr,a_time_min,loc_auth,road1_class,road1_no,road_type,speed_limi,junc_det,junc_ctrl,road2_class,road2_no,light_cond,weather,road_surf,spec_cond,cway_hzrds,ovrtk_patrn,easting,northing,net_id,net_type,acc_type,text_id,division,Postcode,ped_xing_hc,ped_xing_p,place_reported
545211,,Slight,3,2,02/08/2011,Tuesday,2,August,11,12,6,230,Unclassified,,Single carriageway - 2 lanes,30,Crossroads,Automatic Traffic Signal,C,,Daylight: street lights present,Fine (without high winds),Dry,None,None,No overtaking,326200,673570,521139,Junction,M.V.N.P.,362797,unset,EH11TA,Control by other authorised person,Pedestrian phase at traffic signal junction,At scene
545311,,Slight,1,1,18/08/2011,Thursday,18,August,11,11,40,230,A,772,Single carriageway - 2 lanes,30,Other junction,Give way sign or markings,Unclassified,,Daylight: no street lighting,Raining (without high winds),Dry,None,None,No overtaking,329330,668580,530254,Junction,Bus,362798,unset,EH178RN,No crossing facility within 50m or physical crossing facility not controlled by authorised person,No physical crossing facility within 50m,At scene
546011,,Slight,2,1,18/08/2011,Thursday,18,August,11,11,25,230,C,,Single carriageway - 2 lanes,30,Crossroads,Automatic Traffic Signal,C,,Daylight: street lights present,Fine (without high winds),Dry,None,None,No overtaking,325090,674130,520548,Junction,T.V.N.P.,362799,unset,EH21LN,Control by other authorised person,Pedestrian phase at traffic signal junction,At scene
546411,,Slight,1,1,18/08/2011,Thursday,18,August,11,19,15,230,A,199,Single carriageway - 2 lanes,30,'T' or staggered junction,Automatic Traffic Signal,A,901,Daylight: street lights present,Fine (without high winds),Dry,None,None,No overtaking,326480,676750,531310,Junction,Bus,362800,unset,EH66NF,Control by other authorised person,Pedestrian phase at traffic signal junction,At scene
546811,,Slight,2,1,17/08/2011,Wednesday,17,August,11,12,20,230,Unclassified,,Single carriageway - 2 lanes,30,'T' or staggered junction,Give way sign or markings,Unclassified,,Daylight: street lights present,Fine (without high winds),Dry,None,None,No overtaking,324800,671720,523833,Junction,Cyclist,362801,unset,EH104BJ,Control by other authorised person,Central refuge - no other controls,At scene
548111,,Slight,2,1,19/08/2011,Friday,19,August,11,9,20,230,Unclassified,,Single carriageway - 2 lanes,30,'T' or staggered junction,Automatic Traffic Signal,Unclassified,,Daylight: street lights present,Fine (without high winds),Dry,None,None,No overtaking,327270,671720,530389,Junction,Bus,362802,unset,EH165DT,Control by other authorised person,Pedestrian phase at traffic signal junction,Elsewhere
548211,,Serious,1,1,19/08/2011,Friday,19,August,11,13,5,230,Unclassified,,Single carriageway - 2 lanes,30,'T' or staggered junction,Automatic Traffic Signal,A,8,Daylight: street lights present,Fine (without high winds),Dry,None,None,No overtaking,320110,672920,521724,Junction,Pedestrian,362803,unset,EH128AT,No crossing facility within 50m or physical crossing facility not controlled by authorised person,No physical crossing facility within 50m,At scene
548611,,Serious,2,2,19/08/2011,Friday,19,August,11,12,43,230,Unclassified,,Single carriageway - 2 lanes,30,Not at or within 20 metres of junction,unset,\,,Daylight: street lights present,Fine (without high winds),Dry,None,None,No overtaking,320810,674780,565736,Segment,T.V.N.P.,362804,unset,EH47SU,No crossing facility within 50m or physical crossing facility not controlled by authorised person,No physical crossing facility within 50m,At scene
549011,,Slight,1,1,19/08/2011,Friday,19,August,11,17,15,230,C,,Single carriageway - 2 lanes,30,'T' or staggered junction,Give way sign or markings,Unclassified,,Daylight: street lights present,Fine (without high winds),Dry,None,None,No overtaking,327110,675530,519508,Junction,Pedestrian,362805,unset,EH68JW,Control by other authorised person,Central refuge - no other controls,At scene
549511,,Slight,1,1,18/08/2011,Thursday,18,August,11,15,35,230,Unclassified,,Single carriageway - 2 lanes,30,'T' or staggered junction,Give way sign or markings,Unclassified,,Daylight: street lights present,Fine (without high winds),Dry,None,None,No overtaking,327790,668000,0,Unset,Pedestrian,362806,unset,EH178EP,No crossing facility within 50m or physical crossing facility not controlled by authorised person,No physical crossing facility within 50m,At scene
550911,,Slight,1,1,20/08/2011,Saturday,20,August,11,12,5,230,A,702,Single carriageway - 2 lanes,30,Crossroads,Automatic Traffic Signal,B,701,Daylight: street lights present,Fine (without high winds),Dry,None,None,No overtaking,324770,668280,533137,Junction,Bus,362807,unset,EH106QR,Control by other authorised person,Pedestrian phase at traffic signal junction,Elsewhere
551411,,Slight,2,1,17/08/2011,Wednesday,17,August,11,8,40,230,C,,Single carriageway - 2 lanes,30,Crossroads,Give way sign or markings,Unclassified,,Daylight: street lights present,Fine (without high winds),Dry,None,None,No overtaking,321450,671840,522174,Junction,Cyclist,362808,unset,EH113DH,No crossing facility within 50m or physical crossing facility not controlled by authorised person,No physical crossing facility within 50m,Elsewhere
551611,,Slight,2,1,20/08/2011,Saturday,20,August,11,18,5,230,Unclassified,,Single carriageway - 2 lanes,30,Not at or within 20 metres of junction,unset,\,,Daylight: street lights present,Fine (without high winds),Dry,None,None,No overtaking,319900,671160,551797,Segment,Cyclist,362809,unset,EH113UP,Control by other authorised person,"Pelican, puffin, toucan or similar non-junction pedestrian light crossing",At scene
553111,,Slight,1,1,20/08/2011,Saturday,20,August,11,16,30,230,A,702,Single carriageway - 2 lanes,30,Not at or within 20 metres of junction,unset,\,,Daylight: street lights present,Fine (without high winds),Dry,None,None,No overtaking,324920,672860,549186,Segment,Pedestrian,362810,unset,EH39LZ,No crossing facility within 50m or physical crossing facility not controlled by authorised person,No physical crossing facility within 50m,At scene
555311,,Serious,1,1,30/08/2011,Tuesday,30,August,11,14,45,230,B,6415,Single carriageway - 2 lanes,30,'T' or staggered junction,Give way sign or markings,Unclassified,,Daylight: no street lighting,Fine (without high winds),Dry,None,None,No overtaking,330420,673970,523581,Junction,Pedestrian,362811,unset,EH151AR,Control by other authorised person,Pedestrian phase at traffic signal junction,At scene
555511,,Slight,2,1,22/08/2011,Monday,22,August,11,8,55,230,A,902,Single carriageway - 2 lanes,30,Other junction,Give way sign or markings,Unclassified,,Daylight: street lights present,Fine (without high winds),Dry,None,None,No overtaking,322830,675420,519792,Junction,T.V.N.P.,362812,unset,EH42PT,No crossing facility within 50m or physical crossing facility not controlled by authorised person,Central refuge - no other controls,At scene
556311,,Slight,2,1,23/08/2011,Tuesday,23,August,11,9,10,230,Unclassified,,Single carriageway - 2 lanes,30,'T' or staggered junction,Give way sign or markings,Unclassified,,Daylight: street lights present,Fine (without high winds),Dry,None,None,No overtaking,325510,676200,519250,Junction,T.V.N.P.,362813,unset,EH64SS,No crossing facility within 50m or physical crossing facility not controlled by authorised person,"Pelican, puffin, toucan or similar non-junction pedestrian light crossing",At scene
556611,,Slight,3,1,23/08/2011,Tuesday,23,August,11,11,0,230,A,71,Dual carriageway - 2 lanes,40,Not at or within 20 metres of junction,unset,\,,Daylight: no street lighting,Fine (without high winds),Dry,None,None,No overtaking,319290,670620,549701,Segment,M.V.N.P.,362814,unset,EH114JX,No crossing facility within 50m or physical crossing facility not controlled by authorised person,No physical crossing facility within 50m,At scene
556911,,Slight,2,1,20/08/2011,Saturday,20,August,11,17,0,230,A,702,Single carriageway - 2 lanes,30,Not at or within 20 metres of junction,unset,\,,Daylight: street lights present,Fine (without high winds),Dry,None,None,No overtaking,324920,672850,549186,Segment,Cyclist,362815,unset,EH39LZ,No crossing facility within 50m or physical crossing facility not controlled by authorised person,No physical crossing facility within 50m,Elsewhere
560111,,Slight,2,1,24/08/2011,Wednesday,24,August,11,15,50,230,A,720,Dual carriageway - 2 lanes,70,Not at or within 20 metres of junction,unset,\,,Daylight: street lights present,Raining (without high winds),Dry,None,None,No overtaking,322790,668050,570552,Segment,T.V.N.P.,362816,unset,EH139QP,No crossing facility within 50m or physical crossing facility not controlled by authorised person,No physical crossing facility within 50m,At scene
560311,,Slight,2,1,24/08/2011,Wednesday,24,August,11,16,44,230,A,90,Dual carriageway - 2 lanes,70,Not at or within 20 metres of junction,unset,\,,Daylight: street lights present,Fine (without high winds),Dry,None,None,No overtaking,313450,677040,555414,Segment,T.V.N.P.,362817,unset,EH309SR,No crossing facility within 50m or physical crossing facility not controlled by authorised person,No physical crossing facility within 50m,At scene
560511,,Serious,1,1,02/09/2011,Friday,2,September,11,20,0,230,A,901,Single carriageway - 2 lanes,30,Other junction,Give way sign or markings,Unclassified,,Darkness: street lights present and lit,Fine (without high winds),Dry,None,None,No overtaking,326850,676020,531349,Junction,Pedestrian,362845,unset,EH65HZ,No crossing facility within 50m or physical crossing facility not controlled by authorised person,"Pelican, puffin, toucan or similar non-junction pedestrian light crossing",At scene
561011,,Serious,1,1,17/08/2011,Wednesday,17,August,11,12,20,230,A,8,Single carriageway - 2 lanes,30,Crossroads,Automatic Traffic Signal,C,,Daylight: street lights present,Fine (without high winds),Dry,None,None,No overtaking,325390,673880,521049,Junction,Pedestrian,362818,unset,EH22DF,No crossing facility within 50m or physical crossing facility not controlled by authorised person,Pedestrian phase at traffic signal junction,At scene
561111,,Slight,2,2,24/08/2011,Wednesday,24,August,11,17,0,230,A,70,Single carriageway - 2 lanes,40,Other junction,Give way sign or markings,Unclassified,,Daylight: street lights present,Fine (without high winds),Dry,None,None,No overtaking,321340,669960,532843,Junction,T.V.N.P.,362819,unset,EH142LU,No crossing facility within 50m or physical crossing facility not controlled by authorised person,No physical crossing facility within 50m,At scene
561211,,Serious,1,1,02/09/2011,Friday,2,September,11,16,10,230,A,8,Single carriageway - 2 lanes,30,Not at or within 20 metres of junction,unset,\,,Daylight: street lights present,Fine (without high winds),Dry,None,None,No overtaking,323920,673220,550607,Segment,Pedestrian,362846,unset,EH125JZ,No crossing facility within 50m or physical crossing facility not controlled by authorised person,Pedestrian phase at traffic signal junction,At scene
561411,,Serious,1,1,02/09/2011,Friday,2,September,11,18,1,230,Unclassified,,Single carriageway - 2 lanes,30,Other junction,Give way sign or markings,C,,Daylight: street lights present,Fine (without high winds),Dry,None,None,No overtaking,326050,673580,12220768,Junction,Pedestrian,362847,unset,EH11NB,No crossing facility within 50m or physical crossing facility not controlled by authorised person,No physical crossing facility within 50m,At scene
561511,,Serious,2,1,30/08/2011,Tuesday,30,August,11,17,50,230,Unclassified,,Single carriageway - 2 lanes,30,Other junction,Give way sign or markings,Unclassified,,Daylight: street lights present,Fine (without high winds),Dry,None,None,No overtaking,322820,670750,529747,Junction,Cyclist,362820,unset,EH141BY,No crossing facility within 50m or physical crossing facility not controlled by authorised person,"Pelican, puffin, toucan or similar non-junction pedestrian light crossing",At scene
562011,,Slight,1,1,24/08/2011,Wednesday,24,August,11,15,56,230,A,702,Single carriageway - 2 lanes,30,Not at or within 20 metres of junction,unset,\,,Daylight: street lights present,Fine (without high winds),Dry,None,None,No overtaking,324740,673580,548952,Segment,Pedestrian,362821,unset,EH12DA,No crossing facility within 50m or physical crossing facility not controlled by authorised person,Pedestrian phase at traffic signal junction,At scene
562111,,Serious,2,1,02/09/2011,Friday,2,September,11,10,55,230,Unclassified,,Single carriageway - 2 lanes,30,Crossroads,Automatic Traffic Signal,A,700,Daylight: street lights present,Fine (without high winds),Dry,None,None,No overtaking,326220,672550,532729,Junction,Pedestrian,362848,unset,EH91ND,No crossing facility within 50m or physical crossing facility not controlled by authorised person,"Pelican, puffin, toucan or similar non-junction pedestrian light crossing",At scene
562311,,Slight,2,1,01/09/2011,Thursday,1,September,11,14,0,230,Unclassified,,Single carriageway - 2 lanes,30,'T' or staggered junction,Give way sign or markings,Unclassified,,Daylight: street lights present,Fine (without high winds),Dry,None,None,No overtaking,324490,669060,532981,Junction,Cyclist,362849,unset,EH106PZ,No crossing facility within 50m or physical crossing facility not controlled by authorised person,No physical crossing facility within 50m,Elsewhere
562411,,Serious,1,1,05/09/2011,Monday,5,September,11,10,30,230,Unclassified,,Single carriageway - 2 lanes,30,Not at or within 20 metres of junction,unset,\,,Daylight: street lights present,Fine (without high winds),Dry,None,None,No overtaking,323410,668900,564800,Segment,Pedestrian,362850,unset,EH139ND,No crossing facility within 50m or physical crossing facility not controlled by authorised person,No physical crossing facility within 50m,At scene
562711,,Slight,1,1,05/09/2011,Monday,5,September,11,11,45,230,Unclassified,,Single carriageway - 2 lanes,30,Not at or within 20 metres of junction,unset,\,,Daylight: street lights present,Fine (without high winds),Dry,None,None,No overtaking,323080,671950,561730,Segment,Pedestrian,362851,unset,EH111QW,No crossing facility within 50m or physical crossing facility not controlled by authorised person,"Pelican, puffin, toucan or similar non-junction pedestrian light crossing",At scene
563011,,Slight,2,1,17/08/2011,Wednesday,17,August,11,9,30,230,A,720,Single carriageway - 3 lanes,70,Roundabout,Give way sign or markings,A,701,Daylight: street lights present,Fine (without high winds),Dry,None,None,No overtaking,327420,666990,2587878,Junction,T.V.N.P.,362822,unset,EH178SG,No crossing facility within 50m or physical crossing facility not controlled by authorised person,No physical crossing facility within 50m,At scene
563711,,Slight,2,1,10/08/2011,Wednesday,10,August,11,17,10,230,A,7,Single carriageway - 2 lanes,30,Not at or within 20 metres of junction,unset,\,,Daylight: street lights present,Raining (without high winds),Dry,None,None,No overtaking,328710,670330,568099,Segment,T.V.N.P.,362823,unset,EH164SU,No crossing facility within 50m or physical crossing facility not controlled by authorised person,No physical crossing facility within 50m,At scene
564511,,Slight,1,1,23/08/2011,Tuesday,23,August,11,22,50,230,Unclassified,,Roundabout,30,Roundabout,Give way sign or markings,Unclassified,,Darkness: street lights present and lit,Fine (without high winds),Dry,None,None,No overtaking,327560,671210,523116,Junction,S.V.N.P.,362824,unset,EH165PB,No crossing facility within 50m or physical crossing facility not controlled by authorised person,No physical crossing facility within 50m,At scene
564811,,Slight,2,1,24/08/2011,Wednesday,24,August,11,23,45,230,Unclassified,,Single carriageway - 2 lanes,30,Not at or within 20 metres of junction,unset,\,,Darkness: street lights present and lit,Fine (without high winds),Dry,None,None,No overtaking,325790,671280,0,Unset,Cyclist,362825,unset,EH92HQ,No crossing facility within 50m or physical crossing facility not controlled by authorised person,No physical crossing facility within 50m,At scene
565711,,Slight,2,1,25/08/2011,Thursday,25,August,11,17,40,230,C,,Single carriageway - 2 lanes,30,Not at or within 20 metres of junction,unset,\,,Daylight: street lights present,Fine (without high winds),Dry,None,None,No overtaking,323550,672460,533380,Junction,T.V.N.P.,362826,unset,EH112JZ,No crossing facility within 50m or physical crossing facility not controlled by authorised person,"Pelican, puffin, toucan or similar non-junction pedestrian light crossing",Elsewhere
566411,,Serious,2,1,06/09/2011,Tuesday,6,September,11,17,50,230,A,71,Dual carriageway - 2 lanes,40,Not at or within 20 metres of junction,unset,\,,Daylight: no street lighting,Fine with high winds,Dry,None,None,No overtaking,319920,670800,0,Unset,T.V.N.P.,362852,unset,EH114BQ,No crossing facility within 50m or physical crossing facility not controlled by authorised person,No physical crossing facility within 50m,At scene
566911,,Slight,1,1,26/08/2011,Friday,26,August,11,22,5,230,Unclassified,,Single carriageway - 2 lanes,30,Other junction,Automatic Traffic Signal,Unclassified,,Darkness: street lights present and lit,Fine (without high winds),Dry,None,None,No overtaking,325880,676290,519238,Junction,Pedestrian,362827,unset,EH64NN,No crossing facility within 50m or physical crossing facility not controlled by authorised person,No physical crossing facility within 50m,At scene
567511,,Slight,1,1,26/08/2011,Friday,26,August,11,16,50,230,B,701,Single carriageway - 2 lanes,30,'T' or staggered junction,Give way sign or markings,Unclassified,,Daylight: street lights present,Fine (without high winds),Dry,None,None,No overtaking,323440,668550,533047,Junction,Pedestrian,362828,unset,EH139NW,No crossing facility within 50m or physical crossing facility not controlled by authorised person,No physical crossing facility within 50m,Elsewhere
568111,,Slight,1,1,27/08/2011,Saturday,27,August,11,19,20,230,Unclassified,,Single carriageway - 2 lanes,30,Not at or within 20 metres of junction,unset,\,,Darkness: street lights present and lit,Raining (without high winds),Dry,None,None,No overtaking,325760,675180,0,Unset,Pedestrian,362829,unset,EH74JZ,No crossing facility within 50m or physical crossing facility not controlled by authorised person,No physical crossing facility within 50m,At scene
568311,,Slight,1,1,27/08/2011,Saturday,27,August,11,20,0,230,A,90,Dual carriageway - 2 lanes,30,Not at or within 20 metres of junction,unset,\,,Daylight: street lights present,Raining (without high winds),Dry,None,None,No overtaking,322430,674410,555876,Segment,Pedestrian,362830,unset,EH43HL,No crossing facility within 50m or physical crossing facility not controlled by authorised person,Pedestrian phase at traffic signal junction,At scene
568611,,Slight,1,1,28/08/2011,Sunday,28,August,11,3,45,230,A,900,Dual carriageway - 2 lanes,30,Not at or within 20 metres of junction,unset,\,,Darkness: street lights present and lit,Fine (without high winds),Dry,None,None,No overtaking,326120,674470,558512,Segment,Pedestrian,362831,unset,EH13AF,No crossing facility within 50m or physical crossing facility not controlled by authorised person,No physical crossing facility within 50m,At scene
570211,,Slight,2,1,28/08/2011,Sunday,28,August,11,15,4,230,A,199,Single carriageway - 2 lanes,40,Not at or within 20 metres of junction,unset,\,,Daylight: no street lighting,Fine (without high winds),Dry,None,None,No overtaking,329950,674500,522621,Junction,T.V.N.P.,362832,unset,EH151TB,No crossing facility within 50m or physical crossing facility not controlled by authorised person,No physical crossing facility within 50m,At scene
570411,,Slight,2,1,26/08/2011,Friday,26,August,11,17,30,230,A,720,Dual carriageway - 2 lanes,50,Not at or within 20 metres of junction,unset,\,,Daylight: no street lighting,Fine (without high winds),Dry,None,None,No overtaking,317520,672330,0,Unset,T.V.N.P.,362833,unset,EH129DF,No crossing facility within 50m or physical crossing facility not controlled by authorised person,No physical crossing facility within 50m,At scene
570911,,Slight,1,1,29/08/2011,Monday,29,August,11,0,20,230,Unclassified,,Single carriageway - 2 lanes,50,Not at or within 20 metres of junction,unset,\,,Darkness: no street lighting,Raining (without high winds),Dry,None,None,No overtaking,324690,669980,553522,Segment,S.V.N.P.,362834,unset,EH106LF,No crossing facility within 50m or physical crossing facility not controlled by authorised person,No physical crossing facility within 50m,At scene
572111,,Slight,1,1,28/08/2011,Sunday,28,August,11,21,10,230,A,8,Single carriageway - 2 lanes,30,'T' or staggered junction,Give way sign or markings,C,,Daylight: street lights present,Fine (without high winds),Dry,None,None,No overtaking,321480,672990,521754,Junction,Pedestrian,362835,unset,EH125YS,No crossing facility within 50m or physical crossing facility not controlled by authorised person,No physical crossing facility within 50m,At scene
572911,,Slight,2,2,30/08/2011,Tuesday,30,August,11,8,40,230,Unclassified,,Single carriageway - 2 lanes,30,'T' or staggered junction,Give way sign or markings,Unclassified,,Daylight: street lights present,Fine (without high winds),Dry,None,Other object in carriageway,No overtaking,325940,677610,0,Unset,T.V.N.P.,362836,unset,unset,No crossing facility within 50m or physical crossing facility not controlled by authorised person,No physical crossing facility within 50m,At scene
573811,,Serious,2,1,29/08/2011,Monday,29,August,11,15,30,230,Unclassified,,Single carriageway - 2 lanes,30,'T' or staggered junction,Give way sign or markings,Unclassified,,Daylight: street lights present,Fine (without high winds),Dry,None,None,No overtaking,326240,673800,521169,Junction,T.V.N.P.,362837,unset,EH88BH,No crossing facility within 50m or physical crossing facility not controlled by authorised person,No physical crossing facility within 50m,Elsewhere
574911,,Serious,1,2,10/09/2011,Saturday,10,September,11,23,45,230,A,700,Single carriageway - 2 lanes,30,Not at or within 20 metres of junction,unset,\,,Darkness: street lights present and lit,Fine (without high winds),Dry,None,None,No overtaking,325330,672610,559577,Segment,Pedestrian,362853,unset,EH39LW,No crossing facility within 50m or physical crossing facility not controlled by authorised person,No physical crossing facility within 50m,At scene
575111,,Slight,2,1,31/08/2011,Wednesday,31,August,11,12,30,230,C,,Single carriageway - 2 lanes,30,Crossroads,Automatic Traffic Signal,Unclassified,,Daylight: street lights present,Fine (without high winds),Dry,None,None,No overtaking,326850,670750,529873,Junction,T.V.N.P.,362838,unset,EH93JF,No crossing facility within 50m or physical crossing facility not controlled by authorised person,Pedestrian phase at traffic signal junction,At scene
577311,,Slight,2,1,22/08/2011,Monday,22,August,11,7,0,230,Unclassified,,Single carriageway - 2 lanes,30,Not at or within 20 metres of junction,unset,\,,Daylight: street lights present,Fine (without high winds),Dry,None,None,No overtaking,327200,671800,568120,Segment,T.V.N.P.,362839,unset,EH165DX,No crossing facility within 50m or physical crossing facility not controlled by authorised person,No physical crossing facility within 50m,At scene
577411,,Slight,1,1,01/09/2011,Thursday,1,September,11,11,30,230,Unclassified,,Single carriageway - 2 lanes,30,Crossroads,Give way sign or markings,Unclassified,,Daylight: street lights present,Fine (without high winds),Dry,None,None,No overtaking,325290,672100,0,Unset,Pedestrian,362854,unset,EH91BZ,No crossing facility within 50m or physical crossing facility not controlled by authorised person,No physical crossing facility within 50m,At scene
577911,,Slight,2,2,01/09/2011,Thursday,1,September,11,16,0,230,Motorway,9,Dual carriageway - 2 lanes,70,Not at or within 20 metres of junction,unset,\,,Daylight: no street lighting,Fine (without high winds),Dry,None,None,No overtaking,312420,672990,562738,Segment,T.V.N.P.,362855,unset,EH288SY,No crossing facility within 50m or physical crossing facility not controlled by authorised person,No physical crossing facility within 50m,At scene
578311,,Slight,2,1,29/08/2011,Monday,29,August,11,10,25,230,C,,Single carriageway - 2 lanes,30,Roundabout,Give way sign or markings,B,901,Daylight: street lights present,Fine (without high winds),Dry,None,None,No overtaking,325180,675030,6450444,Junction,Cyclist,362840,unset,EH35EA,No crossing facility within 50m or physical crossing facility not controlled by authorised person,Pedestrian phase at traffic signal junction,At scene
578511,,Slight,2,1,02/09/2011,Friday,2,September,11,9,5,230,A,90,Dual carriageway - 2 lanes,40,Not at or within 20 metres of junction,unset,\,,Daylight: street lights present,Fine (without high winds),Dry,None,None,No overtaking,317600,675760,555435,Segment,T.V.N.P.,362856,unset,EH46DT,No crossing facility within 50m or physical crossing facility not controlled by authorised person,No physical crossing facility within 50m,At scene
579511,,Slight,2,2,02/09/2011,Friday,2,September,11,11,25,230,A,71,Single carriageway - 2 lanes,30,Crossroads,Automatic Traffic Signal,C,,Daylight: no street lighting,Raining (without high winds),Dry,None,None,No overtaking,322290,671870,522219,Junction,T.V.N.P.,362857,unset,EH112RZ,No crossing facility within 50m or physical crossing facility not controlled by authorised person,"Pelican, puffin, toucan or similar non-junction pedestrian light crossing",At scene
579611,,Slight,2,1,02/09/2011,Friday,2,September,11,15,35,230,B,701,Single carriageway - 2 lanes,30,'T' or staggered junction,Give way sign or markings,Unclassified,,Daylight: no street lighting,Fine (without high winds),Dry,None,None,No overtaking,319290,673130,521196,Junction,Bus,362858,unset,EH128SL,Control by other authorised person,Pedestrian phase at traffic signal junction,Elsewhere
579911,,Slight,2,2,03/09/2011,Saturday,3,September,11,2,45,230,C,,Single carriageway - 2 lanes,30,Multiple junction,Automatic Traffic Signal,B,901,Darkness: street lights present and lit,Raining (without high winds),Dry,None,None,No overtaking,325910,674380,520605,Junction,T.V.N.P.,362859,unset,EH13JG,No crossing facility within 50m or physical crossing facility not controlled by authorised person,Pedestrian phase at traffic signal junction,Elsewhere
580311,,Slight,2,2,03/09/2011,Saturday,3,September,11,12,49,230,C,,Single carriageway - 2 lanes,30,Crossroads,Automatic Traffic Signal,Unclassified,,Daylight: no street lighting,Fine (without high winds),Dry,None,None,No overtaking,326520,671750,529468,Junction,Cyclist,362860,unset,EH92NJ,No crossing facility within 50m or physical crossing facility not controlled by authorised person,Pedestrian phase at traffic signal junction,At scene
581111,,Slight,1,1,03/09/2011,Saturday,3,September,11,20,55,230,Unclassified,,Single carriageway - 2 lanes,20,Not at or within 20 metres of junction,unset,\,,Darkness: street lights present and lit,Fine (without high winds),Dry,None,None,No overtaking,329070,670380,0,Unset,Pedestrian,362861,unset,EH164SY,No crossing facility within 50m or physical crossing facility not controlled by authorised person,Zebra crossing,Elsewhere
581411,,Slight,2,1,04/09/2011,Sunday,4,September,11,3,0,230,Motorway,8,Dual carriageway - 2 lanes,70,Not at or within 20 metres of junction,unset,\,,Darkness: street lights present and lit,Fine (without high winds),Dry,None,None,No overtaking,311600,671160,562603,Segment,T.V.N.P.,356873,unset,EH288LQ,No crossing facility within 50m or physical crossing facility not controlled by authorised person,No physical crossing facility within 50m,At scene
581511,,Slight,2,3,03/09/2011,Saturday,3,September,11,23,30,230,Unclassified,,Single carriageway - 2 lanes,30,'T' or staggered junction,Give way sign or markings,Unclassified,,Darkness: street lights present and lit,Fine (without high winds),Dry,None,None,No overtaking,325310,673300,521484,Junction,T.V.N.P.,362862,unset,EH12HS,No crossing facility within 50m or physical crossing facility not controlled by authorised person,No physical crossing facility within 50m,At scene
581611,,Serious,1,1,04/09/2011,Sunday,4,September,11,3,35,230,Unclassified,,Single carriageway - 2 lanes,30,Not at or within 20 metres of junction,unset,\,,Darkness: street lights present and lit,Fine (without high winds),Dry,None,None,No overtaking,327390,671780,12227950,Segment,S.V.N.P.,362863,unset,EH165EF,No crossing facility within 50m or physical crossing facility not controlled by authorised person,No physical crossing facility within 50m,At scene
581811,,Slight,1,1,03/09/2011,Saturday,3,September,11,16,4,230,Unclassified,,Single carriageway - 2 lanes,30,Not at or within 20 metres of junction,unset,\,,Daylight: street lights present,Fine (without high winds),Dry,None,None,No overtaking,328080,674880,0,Unset,Bus,362864,unset,EH76DJ,No crossing facility within 50m or physical crossing facility not controlled by authorised person,No physical crossing facility within 50m,Elsewhere
582811,,Slight,2,1,04/09/2011,Sunday,4,September,11,22,40,230,B,1350,Single carriageway - 2 lanes,30,'T' or staggered junction,Give way sign or markings,Unclassified,,Darkness: street lights present and lit,Raining (without high winds),Dry,None,None,No overtaking,326370,674500,520668,Junction,T.V.N.P.,362865,unset,EH75LB,No crossing facility within 50m or physical crossing facility not controlled by authorised person,No physical crossing facility within 50m,At scene
583311,,Slight,2,1,05/09/2011,Monday,5,September,11,10,31,230,A,8,One way Street,30,Crossroads,Automatic Traffic Signal,Unclassified,,Daylight: street lights present,Fine (without high winds),Dry,None,None,No overtaking,324210,673340,521319,Junction,Cyclist,362866,unset,EH38HP,No crossing facility within 50m or physical crossing facility not controlled by authorised person,Pedestrian phase at traffic signal junction,Elsewhere
583511,,Slight,2,1,03/09/2011,Saturday,3,September,11,1,45,230,Unclassified,,Single carriageway - 2 lanes,30,Not at or within 20 metres of junction,unset,\,,Darkness: street lights present and lit,Raining (without high winds),Dry,None,None,No overtaking,326190,676530,0,Unset,T.V.N.P.,362867,unset,EH64AY,No crossing facility within 50m or physical crossing facility not controlled by authorised person,No physical crossing facility within 50m,At scene
583911,,Slight,1,2,05/09/2011,Monday,5,September,11,10,30,230,C,,Single carriageway - 2 lanes,30,Other junction,Automatic Traffic Signal,B,901,Daylight: street lights present,Fine (without high winds),Dry,None,None,No overtaking,325920,674380,520605,Junction,Bus,362868,unset,EH13JG,No crossing facility within 50m or physical crossing facility not controlled by authorised person,Pedestrian phase at traffic signal junction,At scene