acc_ref,beat_no,severity,no_vehicle,no_casualt,a_date,a_day,a_date_day,a_date_mon,a_date_yr,a_time_hr,a_time_min,loc_auth,road1_class,road1_no,road_type,speed_limi,junc_det,junc_ctrl,road2_class,road2_no,light_cond,weather,road_surf,spec_cond,cway_hzrds,ovrtk_patrn,easting,northing,net_id,net_type,acc_type,text_id,division,Postcode,ped_xing_hc,ped_xing_p,place_reported
612611,,Slight,1,1,17/09/2011,Saturday,17,September,11,12,50,230,B,900,Single carriageway - 2 lanes,30,Multiple junction,Give way sign or markings,B,900,Daylight: street lights present,Fine (without high winds),Dry,None,None,No overtaking,322590,674390,520425,Junction,Pedestrian,362930,unset,EH42EE,No crossing facility within 50m or physical crossing facility not controlled by authorised person,Pedestrian phase at traffic signal junction,At scene
612911,,Slight,2,1,18/09/2011,Sunday,18,September,11,11,37,230,A,1,Single carriageway - 2 lanes,30,Not at or within 20 metres of junction,unset,\,,Daylight: street lights present,Fine (without high winds),Dry,None,None,No overtaking,327290,674400,2106013,Segment,T.V.N.P.,362931,unset,EH88HH,No crossing facility within 50m or physical crossing facility not controlled by authorised person,No physical crossing facility within 50m,At scene
613111,,Slight,1,1,30/09/2011,Friday,30,September,11,16,55,230,A,900,Single carriageway - 2 lanes,40,Not at or within 20 metres of junction,unset,\,,Daylight: no street lighting,Fine (without high winds),Dry,None,None,No overtaking,326710,675400,519885,Junction,Bus,362932,unset,EH68NY,No crossing facility within 50m or physical crossing facility not controlled by authorised person,No physical crossing facility within 50m,Elsewhere
613311,,Slight,1,1,25/09/2011,Sunday,25,September,11,17,30,230,Unclassified,,Single carriageway - 2 lanes,20,Not at or within 20 metres of junction,unset,\,,Daylight: street lights present,Fine (without high winds),Dry,None,None,No overtaking,321640,675410,0,Unset,Pedestrian,362933,unset,EH42TG,No crossing facility within 50m or physical crossing facility not controlled by authorised person,No physical crossing facility within 50m,Elsewhere
613411,,Slight,2,1,18/09/2011,Sunday,18,September,11,11,28,230,Motorway,8,Roundabout,70,Roundabout,Automatic Traffic Signal,Motorway,8,Daylight: street lights present,Raining (without high winds),Dry,Road works present,None,No overtaking,318050,670930,6453338,Junction,T.V.N.P.,362934,unset,EH129BU,No crossing facility within 50m or physical crossing facility not controlled by authorised person,No physical crossing facility within 50m,\3
613511,,Slight,2,1,26/09/2011,Monday,26,September,11,17,0,230,B,900,Single carriageway - 2 lanes,30,Other junction,Give way sign or markings,Unclassified,,Daylight: street lights present,Fine (without high winds),Dry,None,None,No overtaking,323720,674670,520083,Junction,T.V.N.P.,362935,unset,EH41AH,No crossing facility within 50m or physical crossing facility not controlled by authorised person,"Pelican, puffin, toucan or similar non-junction pedestrian light crossing",At scene
613611,,Slight,1,1,20/09/2011,Tuesday,20,September,11,8,30,230,B,701,Single carriageway - 2 lanes,30,Not at or within 20 metres of junction,unset,\,,Daylight: street lights present,Fine (without high winds),Dry,None,None,No overtaking,319070,674190,551708,Segment,Pedestrian,362936,unset,EH48DB,No crossing facility within 50m or physical crossing facility not controlled by authorised person,No physical crossing facility within 50m,At scene
614111,,Slight,2,1,21/09/2011,Wednesday,21,September,11,16,59,230,C,,Roundabout,60,Roundabout,Give way sign or markings,Unclassified,,Daylight: street lights present,Fine with high winds,Dry,None,None,No overtaking,329160,667360,4486297,Junction,T.V.N.P.,362937,unset,EH178RZ,No crossing facility within 50m or physical crossing facility not controlled by authorised person,No physical crossing facility within 50m,At scene
615511,,Slight,2,2,24/09/2011,Saturday,24,September,11,11,0,230,Motorway,8,Dual carriageway - 2 lanes,70,Not at or within 20 metres of junction,unset,\,,Daylight: street lights present,Other,Dry,None,None,No overtaking,317780,670710,6452850,Segment,T.V.N.P.,362938,unset,EH129BU,No crossing facility within 50m or physical crossing facility not controlled by authorised person,No physical crossing facility within 50m,At scene
615811,,Slight,1,1,16/09/2011,Friday,16,September,11,0,40,230,C,,Dual carriageway - 2 lanes,30,Not at or within 20 metres of junction,unset,\,,Darkness: street lights present and lit,Fine (without high winds),Dry,None,None,No overtaking,321890,676250,559715,Segment,Pedestrian,362939,unset,EH44NL,No crossing facility within 50m or physical crossing facility not controlled by authorised person,No physical crossing facility within 50m,At scene
615911,,Slight,1,1,26/09/2011,Monday,26,September,11,16,50,230,A,702,Dual carriageway - 2 lanes,30,Crossroads,Automatic Traffic Signal,C,,Daylight: street lights present,Fine (without high winds),Dry,None,None,No overtaking,324840,673070,521403,Junction,Pedestrian,362940,unset,EH39BN,No crossing facility within 50m or physical crossing facility not controlled by authorised person,Pedestrian phase at traffic signal junction,At scene
616511,,Slight,2,1,18/09/2011,Sunday,18,September,11,11,15,230,Unclassified,,Single carriageway - 2 lanes,30,'T' or staggered junction,Automatic Traffic Signal,C,,Daylight: street lights present,Raining (without high winds),Dry,None,None,No overtaking,324500,671680,523830,Junction,T.V.N.P.,362941,unset,EH104DR,No crossing facility within 50m or physical crossing facility not controlled by authorised person,"Pelican, puffin, toucan or similar non-junction pedestrian light crossing",At scene
616911,,Slight,1,1,26/09/2011,Monday,26,September,11,18,30,230,Unclassified,,Single carriageway - 2 lanes,30,'T' or staggered junction,Give way sign or markings,Unclassified,,Daylight: street lights present,Fine (without high winds),Dry,None,None,No overtaking,320270,670110,529954,Junction,Pedestrian,362942,unset,EH142RG,No crossing facility within 50m or physical crossing facility not controlled by authorised person,No physical crossing facility within 50m,At scene
618411,,Serious,2,2,20/09/2011,Tuesday,20,September,11,9,0,230,C,,Single carriageway - 2 lanes,30,Multiple junction,Automatic Traffic Signal,C,,Daylight: street lights present,Fine (without high winds),Dry,None,None,No overtaking,327140,670240,530089,Junction,T.V.N.P.,362943,unset,EH166AJ,No crossing facility within 50m or physical crossing facility not controlled by authorised person,No physical crossing facility within 50m,At scene
620111,,Slight,2,1,16/09/2011,Friday,16,September,11,8,30,230,A,1140,Single carriageway - 2 lanes,30,Not at or within 20 metres of junction,unset,\,,Daylight: street lights present,Fine (without high winds),Dry,None,None,No overtaking,328990,674230,554891,Segment,T.V.N.P.,362944,unset,EH87BN,No crossing facility within 50m or physical crossing facility not controlled by authorised person,No physical crossing facility within 50m,At scene
620511,,Slight,3,1,07/09/2011,Wednesday,7,September,11,11,15,230,A,90,Single carriageway - 2 lanes,30,Not at or within 20 metres of junction,unset,\,,Daylight: street lights present,Fine (without high winds),Dry,None,None,No overtaking,321970,674610,555516,Segment,M.V.N.P.,362945,unset,EH43QW,No crossing facility within 50m or physical crossing facility not controlled by authorised person,No physical crossing facility within 50m,At scene
621111,,Serious,2,1,21/09/2011,Wednesday,21,September,11,8,40,230,C,,Single carriageway - 2 lanes,30,Crossroads,Automatic Traffic Signal,Unclassified,,Daylight: street lights present,Fine (without high winds),Dry,None,None,No overtaking,326520,671750,529468,Junction,Cyclist,362946,unset,EH92NJ,No crossing facility within 50m or physical crossing facility not controlled by authorised person,No physical crossing facility within 50m,At scene
621211,,Slight,1,1,16/09/2011,Friday,16,September,11,13,40,230,B,901,Single carriageway - 2 lanes,30,Not at or within 20 metres of junction,unset,\,,Daylight: street lights present,Fine (without high winds),Dry,None,None,No overtaking,325910,674420,12285580,Segment,Bus,362947,unset,EH13RH,No crossing facility within 50m or physical crossing facility not controlled by authorised person,No physical crossing facility within 50m,Elsewhere
621911,,Serious,2,1,21/09/2011,Wednesday,21,September,11,8,45,230,B,900,Single carriageway - 2 lanes,30,Not at or within 20 metres of junction,unset,\,,Daylight: street lights present,Fine with high winds,Dry,None,None,No overtaking,324420,674670,554192,Segment,Cyclist,362948,unset,EH41HX,No crossing facility within 50m or physical crossing facility not controlled by authorised person,No physical crossing facility within 50m,At scene
622411,,Slight,1,1,27/09/2011,Tuesday,27,September,11,12,25,230,A,7,Single carriageway - 2 lanes,30,Not at or within 20 metres of junction,unset,\,,Daylight: street lights present,Fine (without high winds),Dry,None,None,No overtaking,326040,673290,569288,Segment,Bus,362949,unset,EH89DH,No crossing facility within 50m or physical crossing facility not controlled by authorised person,No physical crossing facility within 50m,At scene
626911,,Slight,2,1,06/10/2011,Thursday,6,October,11,18,45,230,A,900,Dual carriageway - 2 lanes,30,Not at or within 20 metres of junction,unset,\,,Darkness: street lights present and lit,Fine (without high winds),Dry,None,None,No overtaking,325990,674230,12285707,Segment,Cyclist,351365,unset,EH13SJ,No crossing facility within 50m or physical crossing facility not controlled by authorised person,"Pelican, puffin, toucan or similar non-junction pedestrian light crossing",At scene
632711,,Slight,2,1,01/10/2011,Saturday,1,October,11,22,5,230,Unclassified,,Single carriageway - 2 lanes,30,Not at or within 20 metres of junction,unset,\,,Darkness: street lights present and lit,Raining (without high winds),Dry,None,None,No overtaking,315230,672520,6423659,Segment,T.V.N.P.,351366,unset,EH288NQ,No crossing facility within 50m or physical crossing facility not controlled by authorised person,No physical crossing facility within 50m,At scene
632911,,Slight,2,1,02/10/2011,Sunday,2,October,11,10,0,230,Unclassified,,Single carriageway - 2 lanes,60,Using private drive or entrance,Give way sign or markings,Unclassified,,Daylight: street lights present,Raining (without high winds),Dry,None,None,No overtaking,313170,672140,12231517,Segment,T.V.N.P.,351367,unset,EH288LU,No crossing facility within 50m or physical crossing facility not controlled by authorised person,No physical crossing facility within 50m,At scene
633111,,Slight,2,2,01/10/2011,Saturday,1,October,11,12,42,230,Motorway,8,Dual carriageway - 2 lanes,70,Not at or within 20 metres of junction,unset,\,,Daylight: street lights present,Fine (without high winds),Dry,None,None,No overtaking,311950,671200,6452164,Segment,T.V.N.P.,351368,unset,EH288LZ,No crossing facility within 50m or physical crossing facility not controlled by authorised person,No physical crossing facility within 50m,Elsewhere
633311,,Slight,2,1,30/09/2011,Friday,30,September,11,17,10,230,C,,Single carriageway - 2 lanes,30,Other junction,Give way sign or markings,Unclassified,,Daylight: street lights present,Fine (without high winds),Dry,None,None,No overtaking,326430,673590,521145,Junction,Cyclist,362950,unset,EH88BB,No crossing facility within 50m or physical crossing facility not controlled by authorised person,No physical crossing facility within 50m,Elsewhere
633611,,Slight,2,1,04/10/2011,Tuesday,4,October,11,16,35,230,C,,Single carriageway - 2 lanes,30,Crossroads,Give way sign or markings,Unclassified,,Daylight: street lights present,Raining (without high winds),Dry,None,None,No overtaking,327030,675220,519900,Junction,Cyclist,351369,unset,EH68RT,No crossing facility within 50m or physical crossing facility not controlled by authorised person,Central refuge - no other controls,Elsewhere
633911,,Slight,1,1,07/10/2011,Friday,7,October,11,17,45,230,A,900,Single carriageway - 2 lanes,30,Other junction,Automatic Traffic Signal,C,,Daylight: street lights present,Fine (without high winds),Dry,None,None,No overtaking,326550,675130,519867,Junction,Pedestrian,351370,unset,EH74PE,No crossing facility within 50m or physical crossing facility not controlled by authorised person,Pedestrian phase at traffic signal junction,At scene
634211,,Slight,2,1,05/10/2011,Wednesday,5,October,11,10,23,230,C,,Single carriageway - 2 lanes,30,'T' or staggered junction,Automatic Traffic Signal,A,90,Daylight: no street lighting,Fine (without high winds),Dry,None,None,No overtaking,324770,673870,520992,Junction,Bus,351371,unset,EH24LH,No crossing facility within 50m or physical crossing facility not controlled by authorised person,Pedestrian phase at traffic signal junction,At scene
634411,,Slight,2,1,04/10/2011,Tuesday,4,October,11,17,20,230,A,7,Single carriageway - 2 lanes,30,Other junction,Give way sign or markings,Unclassified,,Daylight: street lights present,Raining (without high winds),Dry,None,None,No overtaking,326070,673220,521583,Junction,Cyclist,351372,unset,EH89DH,No crossing facility within 50m or physical crossing facility not controlled by authorised person,No physical crossing facility within 50m,Elsewhere
634711,,Slight,1,1,04/10/2011,Tuesday,4,October,11,19,0,230,Unclassified,,Single carriageway - 2 lanes,30,'T' or staggered junction,Automatic Traffic Signal,A,7,Darkness: street lights present and lit,Fine (without high winds),Dry,None,None,No overtaking,326670,672470,522093,Junction,Pedestrian,351373,unset,EH165BS,No crossing facility within 50m or physical crossing facility not controlled by authorised person,Pedestrian phase at traffic signal junction,At scene
635211,,Slight,1,1,09/10/2011,Sunday,9,October,11,12,20,230,A,901,Single carriageway - 2 lanes,30,'T' or staggered junction,Give way sign or markings,Unclassified,,Daylight: street lights present,Fine (without high winds),Dry,None,None,No overtaking,325010,676980,519037,Junction,Pedestrian,351374,unset,EH53BY,No crossing facility within 50m or physical crossing facility not controlled by authorised person,No physical crossing facility within 50m,At scene
635511,,Slight,1,1,07/10/2011,Friday,7,October,11,22,10,230,C,,Single carriageway - 2 lanes,20,'T' or staggered junction,Automatic Traffic Signal,Unclassified,,Darkness: street lights present and lit,Fine (without high winds),Dry,None,None,No overtaking,325750,674320,520590,Junction,Pedestrian,351375,unset,EH13DX,No crossing facility within 50m or physical crossing facility not controlled by authorised person,"Pelican, puffin, toucan or similar non-junction pedestrian light crossing",At scene
635611,,Slight,2,1,05/10/2011,Wednesday,5,October,11,7,35,230,Unclassified,,Single carriageway - 2 lanes,30,Crossroads,Stop sign,Unclassified,,Daylight: street lights present,Fine (without high winds),Dry,None,None,No overtaking,324540,671110,530413,Junction,Cyclist,351376,unset,EH104RD,No crossing facility within 50m or physical crossing facility not controlled by authorised person,"Pelican, puffin, toucan or similar non-junction pedestrian light crossing",At scene
635911,,Slight,2,2,06/10/2011,Thursday,6,October,11,10,45,230,Unclassified,,Single carriageway - 2 lanes,30,Not at or within 20 metres of junction,unset,\,,Daylight: no street lighting,Raining (without high winds),Dry,None,None,No overtaking,319890,670130,565265,Segment,T.V.N.P.,351377,unset,EH142RT,No crossing facility within 50m or physical crossing facility not controlled by authorised person,No physical crossing facility within 50m,At scene
636111,,Slight,2,1,06/10/2011,Thursday,6,October,11,9,1,230,Unclassified,,Single carriageway - 2 lanes,30,'T' or staggered junction,Give way sign or markings,Unclassified,,Daylight: no street lighting,Raining (without high winds),Dry,None,None,No overtaking,325900,674610,0,Unset,Cyclist,351378,unset,EH13RL,No crossing facility within 50m or physical crossing facility not controlled by authorised person,Pedestrian phase at traffic signal junction,At scene
636211,,Slight,2,1,05/10/2011,Wednesday,5,October,11,7,45,230,A,70,Single carriageway - 2 lanes,30,'T' or staggered junction,Give way sign or markings,Unclassified,,Daylight: street lights present,Fine (without high winds),Dry,None,None,No overtaking,317700,667500,0,Unset,Cyclist,351379,unset,EH145RR,No crossing facility within 50m or physical crossing facility not controlled by authorised person,No physical crossing facility within 50m,At scene
636311,,Slight,2,1,06/10/2011,Thursday,6,October,11,15,0,230,Unclassified,,Single carriageway - 2 lanes,30,Crossroads,Give way sign or markings,Unclassified,,Daylight: no street lighting,Fine (without high winds),Dry,None,None,No overtaking,325600,671530,523860,Junction,T.V.N.P.,351380,unset,EH92DY,No crossing facility within 50m or physical crossing facility not controlled by authorised person,Pedestrian phase at traffic signal junction,At scene
636911,,Serious,1,1,07/10/2011,Friday,7,October,11,13,20,230,Unclassified,,Single carriageway - 2 lanes,30,Not at or within 20 metres of junction,unset,\,,Daylight: street lights present,Fine (without high winds),Dry,None,None,No overtaking,328960,673990,558023,Segment,Pedestrian,351381,unset,EH87RX,No crossing facility within 50m or physical crossing facility not controlled by authorised person,No physical crossing facility within 50m,At scene
637111,,Slight,1,1,02/10/2011,Sunday,2,October,11,4,0,230,A,702,Single carriageway - 2 lanes,30,Other junction,Give way sign or markings,Unclassified,,Darkness: street lights present and lit,Raining (without high winds),Dry,None,None,No overtaking,324710,672240,522039,Junction,Pedestrian,351382,unset,EH104ET,No crossing facility within 50m or physical crossing facility not controlled by authorised person,"Pelican, puffin, toucan or similar non-junction pedestrian light crossing",At scene
637511,,Slight,2,1,01/10/2011,Saturday,1,October,11,18,40,230,A,900,Single carriageway - 2 lanes,30,Other junction,Give way sign or markings,Unclassified,,Daylight: street lights present,Raining (without high winds),Dry,None,None,No overtaking,326590,675170,519873,Junction,T.V.N.P.,351383,unset,EH68SD,No crossing facility within 50m or physical crossing facility not controlled by authorised person,"Pelican, puffin, toucan or similar non-junction pedestrian light crossing",At scene
637711,,Slight,1,1,30/09/2011,Friday,30,September,11,16,27,230,A,8,Single carriageway - 2 lanes,30,Not at or within 20 metres of junction,unset,\,,Daylight: no street lighting,Fine (without high winds),Dry,None,None,No overtaking,319900,672940,550689,Segment,Pedestrian,362951,unset,EH127SL,No crossing facility within 50m or physical crossing facility not controlled by authorised person,No physical crossing facility within 50m,Elsewhere
638111,,Slight,1,1,26/09/2011,Monday,26,September,11,15,55,230,Unclassified,,Single carriageway - 2 lanes,30,Not at or within 20 metres of junction,unset,\,,Daylight: street lights present,Fine (without high winds),Dry,None,None,No overtaking,328320,668410,562981,Segment,Bus,362952,unset,EH178JA,No crossing facility within 50m or physical crossing facility not controlled by authorised person,No physical crossing facility within 50m,At scene
638811,,Slight,2,1,28/09/2011,Wednesday,28,September,11,14,20,230,C,,Single carriageway - 2 lanes,30,Crossroads,Give way sign or markings,Unclassified,,Daylight: street lights present,Fine (without high winds),Dry,None,None,No overtaking,327050,675360,519903,Junction,Bus,362953,unset,EH68LH,No crossing facility within 50m or physical crossing facility not controlled by authorised person,No physical crossing facility within 50m,At scene
638911,,Slight,2,1,29/09/2011,Thursday,29,September,11,10,20,230,Unclassified,,Single carriageway - 2 lanes,30,Crossroads,Automatic Traffic Signal,C,,Daylight: street lights present,Fine with high winds,Dry,None,None,No overtaking,326520,671740,529468,Junction,Cyclist,362954,unset,EH92NJ,Control by other authorised person,No physical crossing facility within 50m,At scene
639111,,Slight,1,1,02/10/2011,Sunday,2,October,11,15,0,230,C,,Single carriageway - 2 lanes,30,'T' or staggered junction,Give way sign or markings,Unclassified,,Daylight: street lights present,Fine (without high winds),Dry,None,None,No overtaking,322740,672670,521781,Junction,Bus,351384,unset,EH112RB,No crossing facility within 50m or physical crossing facility not controlled by authorised person,Pedestrian phase at traffic signal junction,At scene
639411,,Slight,2,1,03/10/2011,Monday,3,October,11,8,20,230,Unclassified,,Roundabout,30,Roundabout,Give way sign or markings,C,,Daylight: street lights present,Fine (without high winds),Dry,None,None,No overtaking,326750,673920,521184,Junction,Cyclist,351385,unset,EH88DU,No crossing facility within 50m or physical crossing facility not controlled by authorised person,No physical crossing facility within 50m,At scene
639811,,Slight,1,1,10/10/2011,Monday,10,October,11,17,15,230,Unclassified,,Single carriageway - 2 lanes,30,Other junction,Give way sign or markings,Unclassified,,Daylight: street lights present,Fine (without high winds),Dry,None,None,No overtaking,325230,676130,519220,Junction,Pedestrian,351386,unset,EH74HP,No crossing facility within 50m or physical crossing facility not controlled by authorised person,Pedestrian phase at traffic signal junction,Elsewhere
640911,,Slight,1,1,11/10/2011,Tuesday,11,October,11,9,0,230,Unclassified,,Single carriageway - 2 lanes,30,Crossroads,Automatic Traffic Signal,A,199,Daylight: no street lighting,Fine (without high winds),Dry,None,None,No overtaking,327090,676520,519052,Junction,Pedestrian,351387,unset,EH66RA,No crossing facility within 50m or physical crossing facility not controlled by authorised person,Pedestrian phase at traffic signal junction,At scene
641511,,Slight,2,1,08/10/2011,Saturday,8,October,11,12,15,230,A,8,Single carriageway - 2 lanes,30,'T' or staggered junction,Give way sign or markings,Unclassified,,Daylight: street lights present,Other,Dry,None,None,No overtaking,323340,673200,521289,Junction,T.V.N.P.,351388,unset,EH125JQ,No crossing facility within 50m or physical crossing facility not controlled by authorised person,"Pelican, puffin, toucan or similar non-junction pedestrian light crossing",At scene
641711,,Slight,2,1,04/10/2011,Tuesday,4,October,11,8,24,230,Unclassified,,Single carriageway - 2 lanes,30,Not at or within 20 metres of junction,unset,\,,Daylight: no street lighting,Fine (without high winds),Dry,None,None,No overtaking,322780,670660,554729,Segment,T.V.N.P.,351389,unset,EH141BP,No crossing facility within 50m or physical crossing facility not controlled by authorised person,No physical crossing facility within 50m,Elsewhere
642111,,Slight,2,1,11/10/2011,Tuesday,11,October,11,17,30,230,C,,Single carriageway - 2 lanes,30,Not at or within 20 metres of junction,unset,\,,Daylight: street lights present,Fine (without high winds),Dry,None,None,No overtaking,325570,673560,558197,Segment,T.V.N.P.,351390,unset,EH12PH,No crossing facility within 50m or physical crossing facility not controlled by authorised person,No physical crossing facility within 50m,Elsewhere
642211,,Slight,3,1,05/05/2011,Thursday,5,May,11,17,0,230,Unclassified,,Single carriageway - 2 lanes,30,Other junction,Give way sign or markings,Unclassified,,Daylight: street lights present,Raining (without high winds),Dry,None,None,No overtaking,322910,671810,522243,Junction,M.V.N.P.,356875,unset,EH111QU,No crossing facility within 50m or physical crossing facility not controlled by authorised person,No physical crossing facility within 50m,At scene
642411,,Serious,2,2,11/10/2011,Tuesday,11,October,11,17,20,230,A,8,Single carriageway - 2 lanes,30,'T' or staggered junction,Give way sign or markings,Unclassified,,Daylight: no street lighting,Fine (without high winds),Dry,None,None,No overtaking,322060,673140,521244,Junction,Bus,351391,unset,EH126HS,No crossing facility within 50m or physical crossing facility not controlled by authorised person,Pedestrian phase at traffic signal junction,At scene
642711,,Slight,3,1,12/10/2011,Wednesday,12,October,11,17,0,230,Unclassified,,Single carriageway - 2 lanes,30,Not at or within 20 metres of junction,unset,\,,Daylight: no street lighting,Fine (without high winds),Dry,None,None,No overtaking,323200,671180,554717,Segment,M.V.N.P.,351392,unset,EH141AW,No crossing facility within 50m or physical crossing facility not controlled by authorised person,No physical crossing facility within 50m,At scene
643011,,Slight,2,1,11/10/2011,Tuesday,11,October,11,16,30,230,Unclassified,,Single carriageway - 2 lanes,30,'T' or staggered junction,Give way sign or markings,B,7030,Daylight: street lights present,Fine (without high winds),Dry,None,None,No overtaking,312400,672540,12231700,Junction,T.V.N.P.,351393,unset,EH288PJ,No crossing facility within 50m or physical crossing facility not controlled by authorised person,No physical crossing facility within 50m,At scene
647611,,Serious,2,1,13/10/2011,Thursday,13,October,11,13,40,230,Unclassified,,Single carriageway - 2 lanes,30,Using private drive or entrance,Give way sign or markings,Unclassified,,Daylight: no street lighting,Fine (without high winds),Dry,None,None,No overtaking,318720,670590,2586909,Segment,T.V.N.P.,351394,unset,EH129BU,No crossing facility within 50m or physical crossing facility not controlled by authorised person,No physical crossing facility within 50m,At scene
647811,,Slight,2,2,12/10/2011,Wednesday,12,October,11,13,50,230,Unclassified,,Single carriageway - 2 lanes,30,'T' or staggered junction,Give way sign or markings,Unclassified,,Daylight: no street lighting,Fine (without high winds),Dry,None,None,No overtaking,322780,671620,522234,Junction,T.V.N.P.,351395,unset,EH141PB,No crossing facility within 50m or physical crossing facility not controlled by authorised person,No physical crossing facility within 50m,At scene
649711,,Slight,1,1,14/10/2011,Friday,14,October,11,12,45,230,A,8,Single carriageway - 2 lanes,30,'T' or staggered junction,Give way sign or markings,Unclassified,,Daylight: street lights present,Fine (without high winds),Dry,None,None,No overtaking,321740,673090,521241,Junction,Pedestrian,351396,unset,EH126JG,No crossing facility within 50m or physical crossing facility not controlled by authorised person,Central refuge - no other controls,At scene
649911,,Slight,3,1,14/10/2011,Friday,14,October,11,1,0,230,Unclassified,,Single carriageway - 2 lanes,30,Not at or within 20 metres of junction,unset,\,,Darkness: street lights present and lit,Fine (without high winds),Dry,None,None,No overtaking,327370,676630,0,Unset,M.V.N.P.,351397,unset,EH67DH,No crossing facility within 50m or physical crossing facility not controlled by authorised person,No physical crossing facility within 50m,At scene
650011,,Slight,1,2,14/10/2011,Friday,14,October,11,13,0,230,B,900,Single carriageway - 2 lanes,30,'T' or staggered junction,Give way sign or markings,Unclassified,,Daylight: street lights present,Fine (without high winds),Dry,None,None,No overtaking,324760,674730,520137,Junction,Pedestrian,351398,unset,EH35AZ,No crossing facility within 50m or physical crossing facility not controlled by authorised person,"Pelican, puffin, toucan or similar non-junction pedestrian light crossing",At scene
651711,,Slight,1,1,14/10/2011,Friday,14,October,11,20,5,230,A,700,Single carriageway - 2 lanes,30,Crossroads,Automatic Traffic Signal,Unclassified,,Darkness: street lights present and lit,Fine (without high winds),Dry,None,None,No overtaking,324950,672940,533362,Junction,Pedestrian,351399,unset,EH39JG,No crossing facility within 50m or physical crossing facility not controlled by authorised person,Pedestrian phase at traffic signal junction,At scene
651911,,Slight,1,1,15/10/2011,Saturday,15,October,11,0,45,230,A,90,Single carriageway - 2 lanes,30,Other junction,Automatic Traffic Signal,Unclassified,,Darkness: street lights present and lit,Fine (without high winds),Dry,None,None,No overtaking,324770,673780,521001,Junction,Bus,351400,unset,EH24AX,No crossing facility within 50m or physical crossing facility not controlled by authorised person,"Pelican, puffin, toucan or similar non-junction pedestrian light crossing",At scene
654511,,Slight,3,1,07/10/2011,Friday,7,October,11,10,10,230,A,90,Single carriageway - 2 lanes,40,Multiple junction,Automatic Traffic Signal,A,90,Daylight: street lights present,Unknown,Dry,None,None,No overtaking,318580,674950,519945,Junction,M.V.N.P.,356877,unset,EH48DZ,Control by other authorised person,Pedestrian phase at traffic signal junction,Elsewhere
654711,,Serious,2,1,16/10/2011,Sunday,16,October,11,10,55,230,Unclassified,,Single carriageway - 2 lanes,30,'T' or staggered junction,Give way sign or markings,Unclassified,,Daylight: street lights present,Fine (without high winds),Dry,None,None,No overtaking,325900,671120,533449,Junction,T.V.N.P.,351401,unset,EH92PP,No crossing facility within 50m or physical crossing facility not controlled by authorised person,"Pelican, puffin, toucan or similar non-junction pedestrian light crossing",At scene
654811,,Slight,2,1,16/10/2011,Sunday,16,October,11,13,0,230,B,6415,Single carriageway - 2 lanes,30,Other junction,Automatic Traffic Signal,C,,Daylight: street lights present,Fine (without high winds),Dry,None,None,No overtaking,330500,673890,523602,Junction,Cyclist,351402,unset,EH151AF,No crossing facility within 50m or physical crossing facility not controlled by authorised person,Pedestrian phase at traffic signal junction,At scene
655211,,Slight,1,1,16/10/2011,Sunday,16,October,11,20,55,230,A,71,Single carriageway - 2 lanes,30,'T' or staggered junction,Give way sign or markings,Unclassified,,Darkness: street lights present and lit,Fine (without high winds),Dry,None,None,No overtaking,323130,672330,522003,Junction,Pedestrian,351403,unset,EH111TZ,No crossing facility within 50m or physical crossing facility not controlled by authorised person,"Pelican, puffin, toucan or similar non-junction pedestrian light crossing",At scene
657411,,Slight,2,1,17/10/2011,Monday,17,October,11,11,20,230,A,901,Single carriageway - 2 lanes,30,'T' or staggered junction,Give way sign or markings,A,901,Daylight: street lights present,Raining (without high winds),Dry,None,None,No overtaking,325790,677010,532669,Junction,T.V.N.P.,351404,unset,EH64HY,No crossing facility within 50m or physical crossing facility not controlled by authorised person,Pedestrian phase at traffic signal junction,At scene
657511,,Serious,1,1,15/10/2011,Saturday,15,October,11,4,0,230,A,90,One way Street,30,Not at or within 20 metres of junction,unset,\,,Darkness: street lighting unknown,Fine (without high winds),Dry,None,None,No overtaking,324620,673850,555636,Segment,S.V.N.P.,351405,unset,EH24DF,No crossing facility within 50m or physical crossing facility not controlled by authorised person,No physical crossing facility within 50m,At scene