acc_ref,beat_no,severity,no_vehicle,no_casualt,a_date,a_day,a_date_day,a_date_mon,a_date_yr,a_time_hr,a_time_min,loc_auth,road1_class,road1_no,road_type,speed_limi,junc_det,junc_ctrl,road2_class,road2_no,light_cond,weather,road_surf,spec_cond,cway_hzrds,ovrtk_patrn,easting,northing,net_id,net_type,acc_type,text_id,division,Postcode,ped_xing_hc,ped_xing_p,place_reported
788311,,Serious,1,1,10/12/2011,Saturday,10,December,11,16,25,230,Unclassified,,Single carriageway - 2 lanes,30,Not at or within 20 metres of junction,unset,\,,Darkness: street lights present and lit,Fine (without high winds),Dry,None,None,No overtaking,326460,676440,563724,Segment,Pedestrian,352092,unset,EH64AE,No crossing facility within 50m or physical crossing facility not controlled by authorised person,Pedestrian phase at traffic signal junction,At scene
788411,,Slight,1,1,10/12/2011,Saturday,10,December,11,17,30,230,Unclassified,,Single carriageway - 2 lanes,30,Not at or within 20 metres of junction,unset,\,,Darkness: street lights present and lit,Fine (without high winds),Dry,None,None,No overtaking,326820,675260,0,Unset,Pedestrian,352093,unset,EH68RG,No crossing facility within 50m or physical crossing facility not controlled by authorised person,No physical crossing facility within 50m,At scene
788511,,Slight,2,1,10/12/2011,Saturday,10,December,11,18,30,230,A,90,Dual carriageway - 2 lanes,40,Not at or within 20 metres of junction,unset,\,,Darkness: street lights present and lit,Fine (without high winds),Dry,None,None,No overtaking,312430,677920,555708,Segment,T.V.N.P.,352094,unset,EH309XS,No crossing facility within 50m or physical crossing facility not controlled by authorised person,No physical crossing facility within 50m,At scene
788611,,Slight,1,1,09/12/2011,Friday,9,December,11,20,40,230,A,702,Single carriageway - 2 lanes,30,Not at or within 20 metres of junction,unset,\,,Darkness: street lights present and lit,Other,Dry,None,None,No overtaking,324870,672530,549171,Segment,Pedestrian,352095,unset,EH104HW,No crossing facility within 50m or physical crossing facility not controlled by authorised person,No physical crossing facility within 50m,Elsewhere
788811,,Slight,1,1,10/12/2011,Saturday,10,December,11,19,0,230,Unclassified,,One way Street,30,Not at or within 20 metres of junction,unset,\,,Darkness: street lights present and lit,Raining (without high winds),Dry,None,None,No overtaking,326460,676820,0,Unset,Bus,352096,unset,EH66NW,No crossing facility within 50m or physical crossing facility not controlled by authorised person,No physical crossing facility within 50m,At scene
789011,,Slight,1,1,07/12/2011,Wednesday,7,December,11,16,30,230,A,71,Single carriageway - 2 lanes,30,'T' or staggered junction,Give way sign or markings,Unclassified,,Daylight: street lights present,Fine (without high winds),Dry,None,None,No overtaking,322930,672260,521961,Junction,Pedestrian,352097,unset,EH112PP,No crossing facility within 50m or physical crossing facility not controlled by authorised person,Central refuge - no other controls,Elsewhere
791411,,Serious,2,1,12/12/2011,Monday,12,December,11,15,25,230,Unclassified,,Roundabout,30,Mini-roundabout,Give way sign or markings,Unclassified,,Daylight: street lighting unknown,Fine (without high winds),Dry,None,None,No overtaking,321250,675490,519780,Junction,Cyclist,352098,unset,EH45PZ,No crossing facility within 50m or physical crossing facility not controlled by authorised person,No physical crossing facility within 50m,At scene
791511,,Slight,1,1,12/12/2011,Monday,12,December,11,6,37,230,A,702,Single carriageway - 2 lanes,30,Crossroads,Automatic Traffic Signal,B,701,Darkness: street lights present and lit,Fine (without high winds),Dry,None,None,No overtaking,324790,668230,522522,Junction,Pedestrian,352099,unset,EH107AR,No crossing facility within 50m or physical crossing facility not controlled by authorised person,Pedestrian phase at traffic signal junction,At scene
791711,,Slight,1,1,12/12/2011,Monday,12,December,11,8,7,230,C,,Single carriageway - 2 lanes,30,Not at or within 20 metres of junction,unset,\,,Darkness: street lights present and lit,Fine (without high winds),Dry,None,None,No overtaking,323590,674550,560033,Segment,Pedestrian,352100,unset,EH42EW,Control by school crossing patrol,Zebra crossing,At scene
791811,,Slight,2,1,27/06/2011,Monday,27,June,11,16,10,230,Unclassified,,Single carriageway - 2 lanes,30,Not at or within 20 metres of junction,unset,\,,Daylight: no street lighting,Raining (without high winds),Dry,None,None,No overtaking,327750,674920,557947,Segment,Cyclist,356881,unset,EH76DE,No crossing facility within 50m or physical crossing facility not controlled by authorised person,No physical crossing facility within 50m,At scene
792111,,Slight,2,1,08/12/2011,Thursday,8,December,11,7,20,230,Unclassified,,Roundabout,50,Roundabout,Automatic Traffic Signal,A,90,Darkness: street lights present and lit,Raining with high winds,Dry,None,None,No overtaking,312470,677710,533311,Junction,T.V.N.P.,352101,unset,EH309XS,No crossing facility within 50m or physical crossing facility not controlled by authorised person,Pedestrian phase at traffic signal junction,At scene
792311,,Serious,1,1,12/12/2011,Monday,12,December,11,6,15,230,A,6095,Single carriageway - 2 lanes,30,Not at or within 20 metres of junction,unset,\,,Darkness: street lights present and lit,Raining (without high winds),Dry,None,None,No overtaking,330350,671770,553888,Segment,Pedestrian,352102,unset,EH153HQ,No crossing facility within 50m or physical crossing facility not controlled by authorised person,"Pelican, puffin, toucan or similar non-junction pedestrian light crossing",Elsewhere
792911,,Serious,2,1,12/12/2011,Monday,12,December,11,13,30,230,Unclassified,,Single carriageway - 2 lanes,30,Other junction,Give way sign or markings,Unclassified,,Daylight: street lights present,Fine (without high winds),Dry,None,None,No overtaking,322190,671160,0,Unset,Cyclist,352103,unset,EH141RJ,No crossing facility within 50m or physical crossing facility not controlled by authorised person,No physical crossing facility within 50m,At scene
793111,,Slight,1,1,12/12/2011,Monday,12,December,11,20,0,230,Unclassified,,Single carriageway - 2 lanes,30,Other junction,Automatic Traffic Signal,A,701,Darkness: street lights present and lit,Fine (without high winds),Dry,None,None,No overtaking,327200,671020,523077,Junction,Pedestrian,352104,unset,EH165PD,No crossing facility within 50m or physical crossing facility not controlled by authorised person,Pedestrian phase at traffic signal junction,At scene
793411,,Slight,1,1,09/12/2011,Friday,9,December,11,16,55,230,C,,Single carriageway - 2 lanes,30,Multiple junction,Automatic Traffic Signal,B,1350,Darkness: street lights present and lit,Fine (without high winds),Dry,None,None,No overtaking,326920,674470,520680,Junction,Pedestrian,352105,unset,EH75AP,No crossing facility within 50m or physical crossing facility not controlled by authorised person,"Pelican, puffin, toucan or similar non-junction pedestrian light crossing",At scene
798311,,Slight,1,1,13/12/2011,Tuesday,13,December,11,16,25,230,C,,One way Street,30,Other junction,Give way sign or markings,Unclassified,,Darkness: street lights present and lit,Raining with high winds,Dry,None,None,No overtaking,325680,674060,520587,Junction,Pedestrian,352106,unset,EH22AU,No crossing facility within 50m or physical crossing facility not controlled by authorised person,"Pelican, puffin, toucan or similar non-junction pedestrian light crossing",At scene
799011,,Slight,2,1,13/12/2011,Tuesday,13,December,11,18,15,230,Unclassified,,One way Street,30,'T' or staggered junction,Automatic Traffic Signal,Unclassified,,Darkness: street lights present and lit,Raining (without high winds),Dry,None,None,No overtaking,325570,674040,520557,Junction,Bus,352107,unset,EH21AF,No crossing facility within 50m or physical crossing facility not controlled by authorised person,Pedestrian phase at traffic signal junction,Elsewhere
799911,,Serious,1,1,14/12/2011,Wednesday,14,December,11,8,40,230,Unclassified,,Single carriageway - 2 lanes,30,Not at or within 20 metres of junction,unset,\,,Daylight: no street lighting,Fine (without high winds),Dry,None,None,No overtaking,324640,673580,0,Unset,Pedestrian,356645,unset,EH12AE,No crossing facility within 50m or physical crossing facility not controlled by authorised person,No physical crossing facility within 50m,At scene
800211,,Slight,2,1,14/12/2011,Wednesday,14,December,11,13,5,230,Unclassified,,Single carriageway - 2 lanes,40,Not at or within 20 metres of junction,unset,\,,Daylight: no street lighting,Fine (without high winds),Dry,None,None,No overtaking,311970,670450,12231370,Segment,T.V.N.P.,356646,unset,EH288NR,No crossing facility within 50m or physical crossing facility not controlled by authorised person,Pedestrian phase at traffic signal junction,At scene
800411,,Slight,4,1,14/12/2011,Wednesday,14,December,11,11,50,230,A,71,Single carriageway - 2 lanes,30,'T' or staggered junction,Automatic Traffic Signal,Unclassified,,Daylight: street lights present,Fine (without high winds),Dry,None,None,No overtaking,321850,671610,522204,Junction,M.V.N.P.,356647,unset,EH113AJ,No crossing facility within 50m or physical crossing facility not controlled by authorised person,No physical crossing facility within 50m,At scene
800811,,Slight,2,1,14/12/2011,Wednesday,14,December,11,18,48,230,A,70,Single carriageway - 2 lanes,30,Crossroads,Automatic Traffic Signal,Unclassified,,Darkness: street lights present and lit,Fine with high winds,Dry,None,None,No overtaking,323030,671910,522273,Junction,T.V.N.P.,356648,unset,EH111QR,No crossing facility within 50m or physical crossing facility not controlled by authorised person,Pedestrian phase at traffic signal junction,At scene
801911,,Slight,1,1,14/12/2011,Wednesday,14,December,11,8,35,230,A,8,Single carriageway - 2 lanes,30,Multiple junction,Automatic Traffic Signal,A,7,Daylight: no street lighting,Fine (without high winds),Dry,None,None,No overtaking,325830,674000,517891,Junction,Pedestrian,356649,unset,EH22EJ,No crossing facility within 50m or physical crossing facility not controlled by authorised person,Pedestrian phase at traffic signal junction,At scene
802211,,Slight,2,1,14/12/2011,Wednesday,14,December,11,7,12,230,A,720,Dual carriageway - 2 lanes,70,Not at or within 20 metres of junction,unset,\,,Daylight: no street lighting,Fine (without high winds),Dry,None,None,No overtaking,320660,668290,570552,Segment,T.V.N.P.,356650,unset,EH130PF,No crossing facility within 50m or physical crossing facility not controlled by authorised person,No physical crossing facility within 50m,At scene
802611,,Slight,1,1,14/12/2011,Wednesday,14,December,11,14,50,230,Unclassified,,Single carriageway - 2 lanes,30,Not at or within 20 metres of junction,unset,\,,Daylight: street lights present,Fine (without high winds),Dry,None,None,No overtaking,326240,673510,558296,Segment,Pedestrian,356651,unset,EH89UE,No crossing facility within 50m or physical crossing facility not controlled by authorised person,No physical crossing facility within 50m,At scene
804411,,Slight,2,1,16/12/2011,Friday,16,December,11,15,20,230,A,199,Single carriageway - 2 lanes,30,Not at or within 20 metres of junction,unset,\,,Darkness: street lights present and lit,Fine (without high winds),Dry,None,None,No overtaking,328240,675970,563284,Segment,T.V.N.P.,356652,unset,EH67JZ,No crossing facility within 50m or physical crossing facility not controlled by authorised person,No physical crossing facility within 50m,At scene
804711,,Slight,1,1,16/12/2011,Friday,16,December,11,13,35,230,Unclassified,,Single carriageway - 2 lanes,30,'T' or staggered junction,Give way sign or markings,Unclassified,,Daylight: street lights present,Fine (without high winds),Dry,None,None,No overtaking,322540,673500,0,Unset,Pedestrian,356653,unset,EH126EE,No crossing facility within 50m or physical crossing facility not controlled by authorised person,No physical crossing facility within 50m,At scene
804911,,Slight,3,2,16/12/2011,Friday,16,December,11,14,45,230,A,720,Single carriageway - 3 lanes,40,Roundabout,Give way sign or markings,A,701,Daylight: street lights present,Fine (without high winds),Dry,None,None,No overtaking,327400,666980,2587878,Junction,M.V.N.P.,356654,unset,EH178SG,No crossing facility within 50m or physical crossing facility not controlled by authorised person,No physical crossing facility within 50m,At scene
805511,,Slight,1,1,16/12/2011,Friday,16,December,11,17,20,230,A,900,Single carriageway - 2 lanes,30,Crossroads,Automatic Traffic Signal,Unclassified,,Darkness: street lights present and lit,Fine (without high winds),Dry,None,None,No overtaking,326380,674890,520266,Junction,Pedestrian,356655,unset,EH74LU,No crossing facility within 50m or physical crossing facility not controlled by authorised person,Central refuge - no other controls,At scene
805811,,Slight,2,2,16/12/2011,Friday,16,December,11,23,0,230,A,900,Single carriageway - 2 lanes,30,Crossroads,Automatic Traffic Signal,A,199,Darkness: street lights present and lit,Fine (without high winds),Dry,None,None,No overtaking,327280,676420,519259,Junction,T.V.N.P.,356656,unset,EH66PW,No crossing facility within 50m or physical crossing facility not controlled by authorised person,Pedestrian phase at traffic signal junction,At scene
806311,,Slight,1,1,14/12/2011,Wednesday,14,December,11,8,10,230,Unclassified,,Single carriageway - 2 lanes,30,'T' or staggered junction,Give way sign or markings,Unclassified,,Daylight: street lights present,Fine (without high winds),Dry,None,None,No overtaking,319370,673200,0,Unset,Pedestrian,356657,unset,EH128SA,No crossing facility within 50m or physical crossing facility not controlled by authorised person,No physical crossing facility within 50m,At scene
806411,,Slight,1,1,17/12/2011,Saturday,17,December,11,9,0,230,Unclassified,,Single carriageway - 2 lanes,30,Roundabout,Give way sign or markings,Unclassified,,Daylight: street lights present,Fine (without high winds),Dry,None,None,No overtaking,328950,670140,12240598,Junction,S.V.N.P.,356658,unset,EH177RZ,No crossing facility within 50m or physical crossing facility not controlled by authorised person,No physical crossing facility within 50m,At scene
807111,,Slight,1,1,17/12/2011,Saturday,17,December,11,0,15,230,C,,Single carriageway - 2 lanes,30,'T' or staggered junction,Automatic Traffic Signal,Unclassified,,Darkness: street lights present and lit,Fine (without high winds),Dry,None,None,No overtaking,325510,674080,520560,Junction,Pedestrian,356659,unset,EH22AF,No crossing facility within 50m or physical crossing facility not controlled by authorised person,No physical crossing facility within 50m,At scene
807811,,Slight,2,1,17/12/2011,Saturday,17,December,11,13,30,230,Unclassified,,Single carriageway - 2 lanes,30,Not at or within 20 metres of junction,unset,\,,Daylight: street lights present,Fine (without high winds),Dry,None,None,No overtaking,327350,674380,2106013,Segment,T.V.N.P.,356660,unset,EH75TA,No crossing facility within 50m or physical crossing facility not controlled by authorised person,Pedestrian phase at traffic signal junction,Elsewhere
808311,,Slight,2,1,18/12/2011,Sunday,18,December,11,8,48,230,Unclassified,,Single carriageway - 2 lanes,40,Other junction,Give way sign or markings,Unclassified,,Daylight: no street lighting,Fine (without high winds),Dry,None,None,No overtaking,324510,669040,533005,Junction,T.V.N.P.,356661,unset,EH106HG,No crossing facility within 50m or physical crossing facility not controlled by authorised person,Pedestrian phase at traffic signal junction,At scene
808411,,Serious,1,1,18/12/2011,Sunday,18,December,11,17,0,230,Unclassified,,Single carriageway - 2 lanes,30,Not at or within 20 metres of junction,unset,\,,Darkness: street lights present and lit,Fine (without high winds),Dry,None,None,No overtaking,325000,675210,566978,Segment,Pedestrian,356662,unset,EH35NS,No crossing facility within 50m or physical crossing facility not controlled by authorised person,No physical crossing facility within 50m,Elsewhere
811111,,Slight,2,1,19/12/2011,Monday,19,December,11,16,15,230,B,701,Single carriageway - 2 lanes,30,'T' or staggered junction,Give way sign or markings,Unclassified,,Darkness: street lights present and lit,Unknown,Dry,None,None,No overtaking,318970,674530,519924,Junction,Cyclist,356663,unset,EH48AY,No crossing facility within 50m or physical crossing facility not controlled by authorised person,Pedestrian phase at traffic signal junction,Elsewhere
811211,,Slight,1,1,19/12/2011,Monday,19,December,11,17,35,230,A,6095,Single carriageway - 2 lanes,30,Not at or within 20 metres of junction,unset,\,,Darkness: street lights present and lit,Fine (without high winds),Dry,None,None,No overtaking,331770,671810,553843,Segment,Pedestrian,356664,unset,EH218RX,No crossing facility within 50m or physical crossing facility not controlled by authorised person,No physical crossing facility within 50m,Elsewhere
812511,,Serious,3,1,20/12/2011,Tuesday,20,December,11,16,50,230,A,900,Single carriageway - 2 lanes,30,'T' or staggered junction,Give way sign or markings,Unclassified,,Darkness: street lights present and lit,Fine (without high winds),Dry,None,None,No overtaking,326590,675170,519873,Junction,M.V.N.P.,356665,unset,EH68SD,No crossing facility within 50m or physical crossing facility not controlled by authorised person,No physical crossing facility within 50m,Elsewhere
812911,,Slight,2,2,19/12/2011,Monday,19,December,11,20,0,230,A,6095,Roundabout,30,Roundabout,Give way sign or markings,A,1,Darkness: street lights present and lit,Fine (without high winds),Dry,None,None,No overtaking,331480,671750,4464195,Junction,T.V.N.P.,356666,unset,EH218RX,No crossing facility within 50m or physical crossing facility not controlled by authorised person,No physical crossing facility within 50m,At scene
813011,,Slight,2,1,20/12/2011,Tuesday,20,December,11,17,50,230,B,900,Single carriageway - 2 lanes,30,Other junction,Give way sign or markings,Unclassified,,Darkness: street lights present and lit,Unknown,Dry,None,None,No overtaking,323740,674670,520083,Junction,Cyclist,356667,unset,EH41BQ,No crossing facility within 50m or physical crossing facility not controlled by authorised person,No physical crossing facility within 50m,Elsewhere
814111,,Slight,1,1,20/12/2011,Tuesday,20,December,11,14,0,230,C,,Single carriageway - 2 lanes,30,Not at or within 20 metres of junction,unset,\,,Daylight: street lights present,Fine (without high winds),Dry,None,None,No overtaking,325180,674160,566768,Segment,Pedestrian,356668,unset,EH21JX,No crossing facility within 50m or physical crossing facility not controlled by authorised person,No physical crossing facility within 50m,Elsewhere
814511,,Slight,1,1,20/12/2011,Tuesday,20,December,11,11,45,230,A,6095,Single carriageway - 2 lanes,30,Not at or within 20 metres of junction,unset,\,,Daylight: street lights present,Fine (without high winds),Dry,None,None,No overtaking,330550,671750,553840,Segment,Pedestrian,356669,unset,EH153HH,No crossing facility within 50m or physical crossing facility not controlled by authorised person,Central refuge - no other controls,At scene
815411,,Slight,2,2,21/12/2011,Wednesday,21,December,11,15,0,230,Unclassified,,Single carriageway - 2 lanes,30,'T' or staggered junction,Give way sign or markings,Unclassified,,Daylight: street lights present,Other,Dry,None,None,No overtaking,327410,675060,12239013,Junction,T.V.N.P.,356670,unset,EH76BT,No crossing facility within 50m or physical crossing facility not controlled by authorised person,No physical crossing facility within 50m,At scene
815511,,Slight,2,1,21/12/2011,Wednesday,21,December,11,16,45,230,Unclassified,,Single carriageway - 2 lanes,30,'T' or staggered junction,Authorised Person,Unclassified,,Darkness: street lights present and lit,Fine (without high winds),Dry,None,None,No overtaking,329090,673840,523542,Junction,Cyclist,356671,unset,EH87SA,No crossing facility within 50m or physical crossing facility not controlled by authorised person,No physical crossing facility within 50m,Elsewhere
815611,,Slight,2,1,17/12/2011,Saturday,17,December,11,12,40,230,C,,Single carriageway - 2 lanes,30,'T' or staggered junction,Automatic Traffic Signal,Unclassified,,Daylight: no street lighting,Raining (without high winds),Dry,None,None,No overtaking,325630,674290,520572,Junction,T.V.N.P.,356672,unset,EH13EB,No crossing facility within 50m or physical crossing facility not controlled by authorised person,Pedestrian phase at traffic signal junction,At scene
816711,,Slight,1,1,21/12/2011,Wednesday,21,December,11,16,30,230,A,702,Single carriageway - 2 lanes,30,Multiple junction,Automatic Traffic Signal,Unclassified,,Darkness: street lights present and lit,Raining (without high winds),Dry,None,None,No overtaking,324720,673650,522381,Junction,Pedestrian,356673,unset,EH12DA,No crossing facility within 50m or physical crossing facility not controlled by authorised person,Pedestrian phase at traffic signal junction,Elsewhere
817411,,Slight,1,1,22/12/2011,Thursday,22,December,11,16,15,230,A,903,Single carriageway - 2 lanes,30,Not at or within 20 metres of junction,unset,\,,Darkness: street lights present and lit,Fine (without high winds),Dry,None,None,No overtaking,324200,676720,559703,Segment,Bus,356674,unset,EH53RG,No crossing facility within 50m or physical crossing facility not controlled by authorised person,No physical crossing facility within 50m,At scene
817611,,Slight,2,2,22/12/2011,Thursday,22,December,11,16,19,230,C,,Single carriageway - 2 lanes,30,'T' or staggered junction,Automatic Traffic Signal,Unclassified,,Darkness: street lights present and lit,Fine (without high winds),Dry,None,None,No overtaking,324230,672740,521838,Junction,T.V.N.P.,356675,unset,EH111AL,No crossing facility within 50m or physical crossing facility not controlled by authorised person,No physical crossing facility within 50m,At scene
818611,,Slight,2,1,17/12/2011,Saturday,17,December,11,3,40,230,A,6095,Single carriageway - 2 lanes,30,Not at or within 20 metres of junction,unset,\,,Darkness: street lights present and lit,Unknown,Dry,Road suface defective,None,No overtaking,328310,671580,553852,Segment,Cyclist,356676,unset,EH165LT,No crossing facility within 50m or physical crossing facility not controlled by authorised person,Pedestrian phase at traffic signal junction,Elsewhere
819611,,Serious,1,1,21/12/2011,Wednesday,21,December,11,8,35,230,C,,Single carriageway - 2 lanes,30,Other junction,Give way sign or markings,Unclassified,,Daylight: street lights present,Fine (without high winds),Dry,None,None,No overtaking,325490,672010,522045,Junction,Pedestrian,356677,unset,EH91AQ,No crossing facility within 50m or physical crossing facility not controlled by authorised person,No physical crossing facility within 50m,Elsewhere
819811,,Slight,1,1,24/12/2011,Saturday,24,December,11,9,10,230,Unclassified,,Unknown,30,Not at or within 20 metres of junction,unset,\,,Daylight: no street lighting,Other,Dry,None,None,No overtaking,325220,675960,0,Unset,S.V.N.P.,356678,unset,EH74QY,No crossing facility within 50m or physical crossing facility not controlled by authorised person,No physical crossing facility within 50m,At scene
821811,,Slight,2,2,22/12/2011,Thursday,22,December,11,13,39,230,C,,Single carriageway - 2 lanes,30,Not at or within 20 metres of junction,unset,\,,Daylight: street lights present,Fine (without high winds),Dry,None,None,No overtaking,322290,672130,559260,Segment,Bus,356679,unset,EH112SF,No crossing facility within 50m or physical crossing facility not controlled by authorised person,No physical crossing facility within 50m,At scene
821911,,Slight,1,1,26/12/2011,Monday,26,December,11,13,20,230,B,900,Single carriageway - 2 lanes,30,Other junction,Automatic Traffic Signal,C,,Daylight: street lights present,Fine (without high winds),Dry,None,None,No overtaking,324550,674630,520152,Junction,Pedestrian,356680,unset,EH41LZ,No crossing facility within 50m or physical crossing facility not controlled by authorised person,Pedestrian phase at traffic signal junction,At scene
822611,,Slight,2,3,26/12/2011,Monday,26,December,11,22,0,230,A,772,Single carriageway - 2 lanes,30,Crossroads,Automatic Traffic Signal,B,701,Darkness: street lights present but unlit,Raining with high winds,Dry,Automatic Traffic Signal out,None,No overtaking,329240,668680,530257,Junction,T.V.N.P.,356681,unset,EH178RQ,No crossing facility within 50m or physical crossing facility not controlled by authorised person,No physical crossing facility within 50m,At scene
823611,,Slight,2,1,27/12/2011,Tuesday,27,December,11,15,30,230,A,720,Single carriageway - 3 lanes,50,Not at or within 20 metres of junction,unset,\,,Darkness: street lights present and lit,Raining (without high winds),Dry,None,None,No overtaking,317760,671430,9657470,Segment,T.V.N.P.,356682,unset,EH129DF,No crossing facility within 50m or physical crossing facility not controlled by authorised person,No physical crossing facility within 50m,At scene
824111,,Slight,2,2,27/12/2011,Tuesday,27,December,11,15,10,230,Unclassified,,Single carriageway - 2 lanes,30,'T' or staggered junction,Automatic Traffic Signal,C,,Daylight: no street lighting,Fine (without high winds),Dry,None,None,No overtaking,325530,674090,520563,Junction,Bus,356683,unset,EH22AF,No crossing facility within 50m or physical crossing facility not controlled by authorised person,Pedestrian phase at traffic signal junction,At scene
824211,,Slight,2,1,28/11/2011,Monday,28,November,11,17,2,230,A,71,Single carriageway - 2 lanes,30,Using private drive or entrance,Automatic Traffic Signal,Unclassified,,Daylight: no street lighting,Fine (without high winds),Dry,None,None,No overtaking,321930,671660,549737,Segment,Cyclist,351583,unset,EH113AL,No crossing facility within 50m or physical crossing facility not controlled by authorised person,Pedestrian phase at traffic signal junction,At scene
824411,,Slight,1,1,25/12/2011,Sunday,25,December,11,11,50,230,B,900,Single carriageway - 2 lanes,30,Not at or within 20 metres of junction,unset,\,,Daylight: street lights present,Raining with high winds,Dry,None,None,No overtaking,323340,674560,554168,Segment,S.V.N.P.,356684,unset,EH42DL,No crossing facility within 50m or physical crossing facility not controlled by authorised person,No physical crossing facility within 50m,At scene
824511,,Slight,1,1,28/12/2011,Wednesday,28,December,11,13,45,230,Unclassified,,Single carriageway - 2 lanes,30,Not at or within 20 metres of junction,unset,\,,Daylight: street lights present,Raining with high winds,Dry,None,None,No overtaking,327740,671140,568084,Segment,Pedestrian,356685,unset,EH165UF,No crossing facility within 50m or physical crossing facility not controlled by authorised person,Central refuge - no other controls,At scene
825311,,Slight,1,1,24/12/2011,Saturday,24,December,11,21,40,230,A,8000,Roundabout,30,Roundabout,Give way sign or markings,Unclassified,,Darkness: street lights present and lit,Fine (without high winds),Dry,None,None,No overtaking,312960,677560,10292784,Junction,S.V.N.P.,356686,unset,EH309YA,No crossing facility within 50m or physical crossing facility not controlled by authorised person,"Pelican, puffin, toucan or similar non-junction pedestrian light crossing",At scene
825411,,Slight,1,1,28/12/2011,Wednesday,28,December,11,22,35,230,Unclassified,,Single carriageway - 2 lanes,30,Not at or within 20 metres of junction,unset,\,,Daylight: no street lighting,Fine (without high winds),Dry,None,None,No overtaking,325990,673790,10293588,Segment,Pedestrian,356687,unset,EH11DH,No crossing facility within 50m or physical crossing facility not controlled by authorised person,No physical crossing facility within 50m,At scene
825511,,Serious,1,1,28/12/2011,Wednesday,28,December,11,4,30,230,A,71,Single carriageway - 2 lanes,50,Not at or within 20 metres of junction,unset,\,,Darkness: no street lighting,Raining with high winds,Dry,None,None,No overtaking,313810,668860,549671,Segment,S.V.N.P.,356688,unset,EH278EB,No crossing facility within 50m or physical crossing facility not controlled by authorised person,No physical crossing facility within 50m,At scene
826911,,Serious,1,2,29/12/2011,Thursday,29,December,11,15,10,230,Unclassified,,Single carriageway - 2 lanes,60,Not at or within 20 metres of junction,unset,\,,Daylight: no street lighting,Fine (without high winds),Dry,None,None,No overtaking,316420,675960,0,Unset,S.V.N.P.,356689,unset,EH309TN,No crossing facility within 50m or physical crossing facility not controlled by authorised person,No physical crossing facility within 50m,At scene
827411,,Slight,1,1,30/12/2011,Friday,30,December,11,7,15,230,Unclassified,,Single carriageway - 2 lanes,60,Not at or within 20 metres of junction,unset,\,,Darkness: no street lighting,Other,Dry,None,None,No overtaking,313280,674970,0,Unset,S.V.N.P.,356690,unset,EH299EQ,No crossing facility within 50m or physical crossing facility not controlled by authorised person,No physical crossing facility within 50m,At scene
828011,,Serious,1,1,30/12/2011,Friday,30,December,11,13,35,230,A,8,Single carriageway - 2 lanes,30,'T' or staggered junction,Automatic Traffic Signal,Unclassified,,Daylight: street lights present,Fog (or mist if hazard),Dry,None,None,No overtaking,319840,672950,521703,Junction,Pedestrian,356691,unset,EH127SL,No crossing facility within 50m or physical crossing facility not controlled by authorised person,No physical crossing facility within 50m,At scene
828211,,Slight,2,1,30/12/2011,Friday,30,December,11,14,40,230,Unclassified,,Single carriageway - 2 lanes,30,'T' or staggered junction,Give way sign or markings,Unclassified,,Daylight: street lights present,Raining (without high winds),Dry,None,None,No overtaking,326500,672680,522462,Junction,Cyclist,356692,unset,EH89RB,No crossing facility within 50m or physical crossing facility not controlled by authorised person,"Pelican, puffin, toucan or similar non-junction pedestrian light crossing",At scene
828311,,Slight,1,1,30/12/2011,Friday,30,December,11,12,15,230,A,1140,Single carriageway - 2 lanes,30,Other junction,Give way sign or markings,Unclassified,,Daylight: street lights present,Raining (without high winds),Dry,None,None,No overtaking,328400,674160,523371,Junction,Pedestrian,356693,unset,EH87AY,No crossing facility within 50m or physical crossing facility not controlled by authorised person,No physical crossing facility within 50m,Elsewhere
828911,,Serious,1,1,31/12/2011,Saturday,31,December,11,4,28,230,A,900,Dual carriageway - 2 lanes,30,'T' or staggered junction,Give way sign or markings,Unclassified,,Darkness: street lights present and lit,Fine with high winds,Dry,None,None,No overtaking,326360,674840,520263,Junction,Pedestrian,356694,unset,EH74AQ,No crossing facility within 50m or physical crossing facility not controlled by authorised person,Central refuge - no other controls,At scene